ID,COD_POSTAL,AREA_KM2,POBL_2022,POBL_2011,POBL_2000
SanJosé.SanJosé.Carmen,10101,1.47,2946,2702,3360
SanJosé.SanJosé.Merced,10102,2.17,15408,12257,13565
SanJosé.SanJosé.Hospital,10103,3.3,24030,19270,24175
SanJosé.SanJosé.Catedral,10104,2.35,15682,12936,15341
SanJosé.SanJosé.Zapote,10105,2.87,21990,18679,20753
SanJosé.SanJosé.SanFranciscodeDosRíos,10106,2.64,23745,20209,21724
SanJosé.SanJosé.Uruca,10107,8.44,42861,31728,27110
SanJosé.SanJosé.MataRedonda,10108,3.69,10119,8313,9321
SanJosé.SanJosé.Pavas,10109,9.39,89531,71384,76177
SanJosé.SanJosé.Hatillo,10110,4.38,60723,50511,54901
SanJosé.SanJosé.SanSebastián,10111,4.01,44923,40065,43245
SanJosé.Escazú.Escazú,10201,4.56,13752,11984,12379
SanJosé.Escazú.SanAntonio,10202,17.01,28329,22554,20795
SanJosé.Escazú.SanRafael,10203,12.96,29121,21971,19198
SanJosé.Desamparados.Desamparados,10301,3.31,37479,33866,36437
SanJosé.Desamparados.SanMiguel,10302,21.36,38716,31805,28336
SanJosé.Desamparados.SanJuandeDios,10303,2.98,24505,19481,16577
SanJosé.Desamparados.SanRafaelArriba,10304,3.21,18412,15262,13008
SanJosé.Desamparados.SanAntonio,10305,2.1,11343,9727,9775
SanJosé.Desamparados.Frailes,10306,19.57,4586,3772,3504
SanJosé.Desamparados.Patarrá,10307,16.09,14919,11921,28451
SanJosé.Desamparados.SanCristóbal,10308,25.47,4769,3905,3360
SanJosé.Desamparados.Rosario,10309,14.77,3787,3088,2710
SanJosé.Desamparados.Damas,10310,2.57,15713,13175,12993
SanJosé.Desamparados.SanRafaelAbajo,10311,2.01,26781,23283,22481
SanJosé.Desamparados.Gravilias,10312,2.94,17237,15024,15846
SanJosé.Desamparados.LosGuido,10313,3.01,31120,24102,
SanJosé.Puriscal.Santiago,10401,34.52,12600,11512,10884
SanJosé.Puriscal.MercedesSur,10402,183.58,7099,5866,5082
SanJosé.Puriscal.Barbacoas,10403,18.74,4486,3692,3210
SanJosé.Puriscal.GrifoAlto,10404,26.21,1492,1182,1101
SanJosé.Puriscal.SanRafael,10405,15.53,2009,1730,1524
SanJosé.Puriscal.Candelarita,10406,24.87,1753,1436,1425
SanJosé.Puriscal.Desamparaditos,10407,7.14,794,666,572
SanJosé.Puriscal.SanAntonio,10408,14.5,4720,3889,2803
SanJosé.Puriscal.Chires,10409,230.47,3640,3031,2806
SanJosé.Tarrazú.SanMarcos,10501,45.53,11365,9993,8240
SanJosé.Tarrazú.SanLorenzo,10502,185.64,5250,4394,4029
SanJosé.Tarrazú.SanCarlos,10503,58.58,2172,1893,1891
SanJosé.Aserrí.Aserrí,10601,15.25,30347,28191,23844
SanJosé.Aserrí.Tarbaca,10602,15.33,1676,1446,1231
SanJosé.Aserrí.VueltadeJorco,10603,22.04,7342,6499,6155
SanJosé.Aserrí.SanGabriel,10604,11.76,6930,6061,5048
SanJosé.Aserrí.Legua,10605,81.51,1748,1521,1472
SanJosé.Aserrí.Monterrey,10606,8.36,558,498,421
SanJosé.Aserrí.Salitrillos,10607,14.35,15879,13676,11148
SanJosé.Mora.Colón,10701,40.12,17411,16088,13477
SanJosé.Mora.Guayabo,10702,8.99,5414,4449,3215
SanJosé.Mora.Tabarcia,10703,40.39,5160,4703,3994
SanJosé.Mora.PiedrasNegras,10704,14.84,498,379,318
SanJosé.Mora.Picagres,10705,27.2,899,675,662
SanJosé.Mora.Jaris,10706,5.53,1377,,
SanJosé.Mora.Quitirrisí,10707,26.69,,,
SanJosé.Goicoechea.Guadalupe,10801,2.38,22347,20663,23723
SanJosé.Goicoechea.SanFrancisco,10802,0.57,2421,2032,2552
SanJosé.Goicoechea.CalleBlancos,10803,2.36,23451,18984,19411
SanJosé.Goicoechea.MatadePlátano,10804,7.85,21198,17370,16206
SanJosé.Goicoechea.Ipís,10805,2.37,32049,26033,26155
SanJosé.Goicoechea.RanchoRedondo,10806,13.38,3224,2538,2718
SanJosé.Goicoechea.Purral,10807,3.11,36074,27464,26767
SanJosé.SantaAna.SantaAna,10901,5.4,12956,11320,8517
SanJosé.SantaAna.Salitral,10902,20.2,5587,4304,3369
SanJosé.SantaAna.Pozos,10903,13.34,20671,15585,9025
SanJosé.SantaAna.Uruca,10904,7.07,9129,7200,5635
SanJosé.SantaAna.Piedades,10905,12.01,10263,8128,6199
SanJosé.SantaAna.Brasil,10906,3.25,3247,2586,1762
SanJosé.Alajuelita.Alajuelita,11001,1.3,13325,11988,12247
SanJosé.Alajuelita.SanJosecito,11002,2.42,13069,10506,8500
SanJosé.Alajuelita.SanAntonio,11003,10.22,6003,4739,3193
SanJosé.Alajuelita.Concepción,11004,2.4,23455,18721,19268
SanJosé.Alajuelita.SanFelipe,11005,5.1,41306,31649,27089
SanJosé.VázquezdeCoronado.SanIsidro,11101,5.14,18631,16625,15570
SanJosé.VázquezdeCoronado.SanRafael,11102,16.95,8643,7040,6389
SanJosé.VázquezdeCoronado.DulceNombredeJesús,11103,67.86,12149,9744,9352
SanJosé.VázquezdeCoronado.Patalillo,11104,1.97,24907,20349,17731
SanJosé.VázquezdeCoronado.Cascajal,11105,131.72,8602,6728,6543
SanJosé.Acosta.SanIgnacio,11201,22.63,9475,9016,7728
SanJosé.Acosta.Guaitil,11202,43.85,2685,2406,2555
SanJosé.Acosta.Palmichal,11203,34.17,5308,4581,3852
SanJosé.Acosta.Cangrejal,11204,64.46,2121,1875,1987
SanJosé.Acosta.Sabanillas,11205,176.83,2668,2331,2539
SanJosé.Tibás.SanJuan,11301,3.56,25866,21745,24944
SanJosé.Tibás.CincoEsquinas,11302,0.67,8617,5925,6379
SanJosé.Tibás.AnselmoLlorente,11303,1.36,12913,9986,10103
SanJosé.Tibás.LeónXIII,11304,0.78,20551,13661,16400
SanJosé.Tibás.Colima,11305,2,18118,13525,14248
SanJosé.Moravia.SanVicente,11401,5.39,32041,30998,31693
SanJosé.Moravia.SanJerónimo,11402,18.58,7463,6154,4911
SanJosé.Moravia.LaTrinidad,11403,4.94,23755,19767,13815
SanJosé.MontesdeOca.SanPedro,11501,4.7,28844,23977,26524
SanJosé.MontesdeOca.Sabanilla,11502,1.78,14082,10775,11324
SanJosé.MontesdeOca.Mercedes,11503,1.44,6086,4688,4872
SanJosé.MontesdeOca.SanRafael,11504,7.74,13832,9692,7713
SanJosé.Turrubares.SanPablo,11601,26.37,1573,1357,1192
SanJosé.Turrubares.SanPedro,11602,39.11,861,646,499
SanJosé.Turrubares.SanJuandeMata,11603,86.17,1546,1182,2725
SanJosé.Turrubares.SanLuis,11604,43.71,721,517,461
SanJosé.Turrubares.Carara,11605,220.35,2330,1810,
SanJosé.Dota.SantaMaría,11701,92.84,5251,4621,4274
SanJosé.Dota.Jardín,11702,32.71,702,524,475
SanJosé.Dota.Copey,11703,279.41,2088,1803,1770
SanJosé.Curridabat.Curridabat,11801,6.16,32605,28817,30316
SanJosé.Curridabat.Granadilla,11802,3.52,19207,14778,11600
SanJosé.Curridabat.Sánchez,11803,4.53,6833,5364,3147
SanJosé.Curridabat.Tirrases,11804,1.87,22032,16247,15826
SanJosé.PérezZeledón.SanIsidrodeElGeneral,11901,191.53,48435,45327,41221
SanJosé.PérezZeledón.ElGeneral,11902,76.35,6873,6373,5882
SanJosé.PérezZeledón.DanielFlores,11903,64.3,35584,33537,26359
SanJosé.PérezZeledón.Rivas,11904,310.28,7318,6591,6531
SanJosé.PérezZeledón.SanPedro,11905,205.96,9344,9102,9013
SanJosé.PérezZeledón.Platanares,11906,79.84,7497,7203,7308
SanJosé.PérezZeledón.Pejibaye,11907,140.78,7972,7995,8627
SanJosé.PérezZeledón.Cajón,11908,118.86,9045,8542,7467
SanJosé.PérezZeledón.Barú,11909,191.42,2854,2393,2335
SanJosé.PérezZeledón.RíoNuevo,11910,240.68,3495,3061,3219
SanJosé.PérezZeledón.Páramo,11911,203.17,4865,4410,4225
SanJosé.PérezZeledón.LaAmistad,11912,76.11,,,
SanJosé.LeónCortés.SanPablo,12001,20.86,4663,4209,3780
SanJosé.LeónCortés.SanAndrés,12002,16.08,1746,1578,1804
SanJosé.LeónCortés.LlanoBonito,12003,34.51,2269,2111,2135
SanJosé.LeónCortés.SanIsidro,12004,18.86,1870,1531,1426
SanJosé.LeónCortés.SantaCruz,12005,21.97,2164,1665,1626
SanJosé.LeónCortés.SanAntonio,12006,10.15,1278,1106,925
Alajuela.Alajuela.Alajuela,20101,8.89,48326,42975,42889
Alajuela.Alajuela.SanJosé,20102,14.69,52686,41656,35405
Alajuela.Alajuela.Carrizal,20103,16.12,9002,6856,6455
Alajuela.Alajuela.SanAntonio,20104,8.93,31637,24971,22094
Alajuela.Alajuela.Guácima,20105,28.04,26642,20183,15450
Alajuela.Alajuela.SanIsidro,20106,36.09,22586,17294,16247
Alajuela.Alajuela.Sabanilla,20107,43.05,12396,9059,8335
Alajuela.Alajuela.SanRafael,20108,19.29,34182,26248,19162
Alajuela.Alajuela.RíoSegundo,20109,5.57,13561,10794,11036
Alajuela.Alajuela.Desamparados,20110,12.95,33654,26109,21075
Alajuela.Alajuela.Turrúcares,20111,35.99,9349,7630,5986
Alajuela.Alajuela.Tambor,20112,13.88,14338,10992,9370
Alajuela.Alajuela.Garita,20113,33.91,9492,7277,6856
Alajuela.Alajuela.Sarapiquí,20114,113.98,4021,2842,2493
Alajuela.SanRamón.SanRamón,20201,1.28,9107,8717,9659
Alajuela.SanRamón.Santiago,20202,61,5699,4535,3976
Alajuela.SanRamón.SanJuan,20203,5.09,13406,11695,9690
Alajuela.SanRamón.PiedadesNorte,20204,47.2,9564,8147,6846
Alajuela.SanRamón.PiedadesSur,20205,116.29,4603,3738,3448
Alajuela.SanRamón.SanRafael,20206,30.73,10904,9321,8384
Alajuela.SanRamón.SanIsidro,20207,8.72,5938,4478,3553
Alajuela.SanRamón.Ángeles,20208,81.41,9793,8500,7073
Alajuela.SanRamón.Alfaro,20209,17.87,8402,7137,4741
Alajuela.SanRamón.Volio,20210,20.46,2727,2270,1669
Alajuela.SanRamón.Concepción,20211,9.49,2765,2348,1841
Alajuela.SanRamón.Zapotal,20212,67.24,515,391,463
Alajuela.SanRamón.PeñasBlancas,20213,247.04,12371,9289,6632
Alajuela.SanRamón.SanLorenzo,20214,309.15,,,
Alajuela.Grecia.Grecia,20301,7.51,16146,14859,14277
Alajuela.Grecia.SanIsidro,20302,17.01,7293,5949,5201
Alajuela.Grecia.SanJosé,20303,12.36,10231,8100,6206
Alajuela.Grecia.SanRoque,20304,27,13660,11132,9163
Alajuela.Grecia.Tacares,20305,24.82,10050,7963,6879
Alajuela.Grecia.PuentedePiedra,20307,23.07,13274,10556,9325
Alajuela.Grecia.Bolívar,20308,30.77,9018,7265,6324
Alajuela.SanMateo.SanMateo,20401,64.85,3071,2692,2529
Alajuela.SanMateo.Desmonte,20402,20.19,1201,1047,871
Alajuela.SanMateo.JesúsMaría,20403,18.79,1517,2397,1943
Alajuela.SanMateo.Labrador,20404,20.96,1487,,
Alajuela.Atenas.Atenas,20501,9.76,8015,7546,7182
Alajuela.Atenas.Jesús,20502,17.96,4396,3631,3598
Alajuela.Atenas.Mercedes,20503,7.81,3832,3127,2691
Alajuela.Atenas.SanIsidro,20504,14.48,3521,2813,2496
Alajuela.Atenas.Concepción,20505,21.94,4261,3473,3048
Alajuela.Atenas.SanJosé,20506,13.44,2326,1940,1794
Alajuela.Atenas.SantaEulalia,20507,14.59,2510,2082,1670
Alajuela.Atenas.Escobal,20508,26.5,1019,848,
Alajuela.Naranjo.Naranjo,20601,17.26,17348,15936,18514
Alajuela.Naranjo.SanMiguel,20602,15.52,5782,4657,3532
Alajuela.Naranjo.SanJosé,20603,21.12,3666,3162,3225
Alajuela.Naranjo.CirríSur,20604,32.07,5533,4552,3790
Alajuela.Naranjo.SanJerónimo,20605,9.12,4076,3264,2703
Alajuela.Naranjo.SanJuan,20606,6.78,3688,3114,2709
Alajuela.Naranjo.ElRosario,20607,17.21,4638,3757,3129
Alajuela.Naranjo.Palmitos,20608,8.09,5033,4271,
Alajuela.Palmares.Palmares,20701,1.14,3764,3599,4105
Alajuela.Palmares.Zaragoza,20702,8.34,9901,8219,7493
Alajuela.Palmares.BuenosAires,20703,6.88,8931,7493,6879
Alajuela.Palmares.Santiago,20704,7.94,3379,2737,2682
Alajuela.Palmares.Candelaria,20705,4.69,2457,1961,1745
Alajuela.Palmares.Esquipulas,20706,5.41,8435,6588,3652
Alajuela.Palmares.LaGranja,20707,4.44,4938,4119,3210
Alajuela.Poás.SanPedro,20801,13.63,8243,7554,6913
Alajuela.Poás.SanJuan,20802,16.31,5647,4638,3738
Alajuela.Poás.SanRafael,20803,14.19,6655,5436,5025
Alajuela.Poás.Carrillos,20804,10.14,11330,9228,6901
Alajuela.Poás.SabanaRedonda,20805,20.33,3051,2343,2187
Alajuela.Orotina.Orotina,20901,21.59,10680,9664,8045
Alajuela.Orotina.ElMastate,20902,9.53,2249,1821,1624
Alajuela.Orotina.HaciendaVieja,20903,16.93,1242,1022,890
Alajuela.Orotina.Coyolar,20904,36.51,7685,5912,3636
Alajuela.Orotina.LaCeiba,20905,60.55,2592,1922,1510
Alajuela.SanCarlos.Quesada,21001,144,46127,42060,36365
Alajuela.SanCarlos.Florencia,21002,198.54,18517,15149,12444
Alajuela.SanCarlos.Buenavista,21003,25.98,420,325,352
Alajuela.SanCarlos.AguasZarcas,21004,185.86,26305,20239,13651
Alajuela.SanCarlos.Venecia,21005,132.44,12172,9638,7394
Alajuela.SanCarlos.Pital,21006,379.61,25359,17318,12317
Alajuela.SanCarlos.LaFortuna,21007,229.7,19584,15383,9743
Alajuela.SanCarlos.LaTigra,21008,56.44,7964,6374,5368
Alajuela.SanCarlos.LaPalmera,21009,100.45,7940,6321,4608
Alajuela.SanCarlos.Venado,21010,169.28,2173,1754,1705
Alajuela.SanCarlos.Cutris,21011,848.01,15537,10334,7892
Alajuela.SanCarlos.Monterrey,21012,220.2,4321,3455,3124
Alajuela.SanCarlos.Pocosol,21013,660.75,19696,15395,12177
Alajuela.Zarcero.Zarcero,21101,11.72,4397,4004,3790
Alajuela.Zarcero.Laguna,21102,23.36,2031,1674,1579
Alajuela.Zarcero.Tapesco,21103,6.33,1582,1305,1040
Alajuela.Zarcero.Guadalupe,21104,22.58,1427,1148,774
Alajuela.Zarcero.Palmira,21105,30.44,1712,1334,1308
Alajuela.Zarcero.Zapote,21106,44.77,944,739,723
Alajuela.Zarcero.Brisas,21107,17.87,2536,2001,1631
Alajuela.Sarchí.SarchíNorte,21201,21.3,8382,7140,6470
Alajuela.Sarchí.SarchíSur,21202,6.36,6539,5143,4337
Alajuela.Sarchí.ToroAmarillo,21203,90.93,380,273,295
Alajuela.Sarchí.SanPedro,21204,10.92,4463,3408,3296
Alajuela.Sarchí.Rodríguez,21205,7.21,2832,2121,1841
Alajuela.Upala.Upala,21301,148.65,16850,16139,12372
Alajuela.Upala.AguasClaras,21302,408.93,5714,4939,5026
Alajuela.Upala.SanJosé,21303,285.39,8795,7352,6826
Alajuela.Upala.Bijagua,21304,186.39,5363,4538,4042
Alajuela.Upala.Delicias,21305,98.57,5479,4483,3618
Alajuela.Upala.DosRíos,21306,218.07,4017,3194,2776
Alajuela.Upala.Yolillal,21307,139.54,4129,3308,3019
Alajuela.Upala.Canalete,21308,106.45,5119,,
Alajuela.LosChiles.LosChiles,21401,504.21,21714,13262,9900
Alajuela.LosChiles.CañoNegro,21402,301,2333,1808,1594
Alajuela.LosChiles.ElAmparo,21403,313.29,7772,5992,5390
Alajuela.LosChiles.SanJorge,21404,214.94,3369,2673,2848
Alajuela.Guatuso.SanRafael,21501,304.29,10117,7941,6611
Alajuela.Guatuso.Buenavista,21502,150.97,1990,1573,5452
Alajuela.Guatuso.Cote,21503,183.94,1092,867,982
Alajuela.Guatuso.Katira,21504,114.4,6497,5127,
Alajuela.RíoCuarto.RíoCuarto,21601,,,,
Alajuela.RíoCuarto.SantaRita,21602,,,,
Alajuela.RíoCuarto.SantaIsabel,21603,,,,
Cartago.Cartago.Oriental,30101,2.04,12310,12228,12839
Cartago.Cartago.Occidental,30102,2,10465,9901,11139
Cartago.Cartago.Carmen,30103,4.39,19390,17425,15980
Cartago.Cartago.SanNicolás,30104,29.44,29913,25948,22193
Cartago.Cartago.Aguacaliente,30105,100.37,36408,31789,28516
Cartago.Cartago.Guadalupe,30106,13.28,16547,14618,12515
Cartago.Cartago.Corralillo,30107,32.57,12064,10647,9366
Cartago.Cartago.TierraBlanca,30108,12.75,5926,5103,4639
Cartago.Cartago.DulceNombre,30109,33.11,12004,10548,6508
Cartago.Cartago.LlanoGrande,30110,30.35,5120,4342,3665
Cartago.Cartago.Quebradilla,30111,18.91,6057,5349,4697
Cartago.Paraíso.Paraíso,30201,19.5,21561,20601,33398
Cartago.Paraíso.Santiago,30202,25.5,6493,5534,4960
Cartago.Paraíso.Orosi,30203,376.41,10208,9084,8862
Cartago.Paraíso.Cachí,30204,41.24,5944,5438,5173
Cartago.Paraíso.LlanosdeSantaLucía,30205,6.55,19590,17086,
Cartago.Paraíso.Birrisito,30206,7.5,,,
Cartago.LaUnión.TresRíos,30301,2.19,9298,9331,10009
Cartago.LaUnión.SanDiego,30302,8.01,25354,21620,16595
Cartago.LaUnión.SanJuan,30303,3.94,15752,13729,8139
Cartago.LaUnión.SanRafael,30304,9.46,16277,14247,10961
Cartago.LaUnión.Concepción,30305,3.8,19259,16515,12910
Cartago.LaUnión.DulceNombre,30306,8.35,9289,7893,6598
Cartago.LaUnión.SanRamón,30307,3.47,4526,4054,4640
Cartago.LaUnión.RíoAzul,30308,4.89,14860,12010,10427
Cartago.Jiménez.JuanViñas,30401,43.62,7095,6552,6387
Cartago.Jiménez.Tucurrique,30402,33.52,5601,4872,4284
Cartago.Jiménez.Pejibaye,30403,173.85,3665,3245,3375
Cartago.Jiménez.LaVictoria,30404,15.34,,,
Cartago.Turrialba.Turrialba,30501,56.1,27039,26680,32004
Cartago.Turrialba.LaSuiza,30502,160.36,7939,7590,9202
Cartago.Turrialba.Peralta,30503,9.53,621,511,570
Cartago.Turrialba.SantaCruz,30504,124.94,3804,3208,3421
Cartago.Turrialba.SantaTeresita,30505,60,5402,4744,5095
Cartago.Turrialba.Pavones,30506,42.13,4628,4331,4431
Cartago.Turrialba.Tuis,30507,38.88,2950,2837,2630
Cartago.Turrialba.Tayutic,30508,74.91,2506,2374,4452
Cartago.Turrialba.SantaRosa,30509,22.29,5747,5232,4759
Cartago.Turrialba.TresEquis,30510,37.18,1964,1808,1946
Cartago.Turrialba.LaIsabel,30511,19.96,6362,6116,
Cartago.Turrialba.Chirripó,30512,942.09,4584,4185,
Cartago.Alvarado.Pacayas,30601,29.68,5989,5628,5386
Cartago.Alvarado.Cervantes,30602,15.19,6916,6230,4709
Cartago.Alvarado.Capellades,30603,34.32,2710,2454,2195
Cartago.Oreamuno.SanRafael,30701,10.27,29275,27248,23707
Cartago.Oreamuno.Cot,30702,15.05,11360,9630,7813
Cartago.Oreamuno.PotreroCerrado,30703,18.2,2705,2281,2023
Cartago.Oreamuno.Cipreses,30704,9.31,4234,3700,2887
Cartago.Oreamuno.SantaRosa,30705,149.81,3021,2614,2602
Cartago.ElGuarco.ElTejar,30801,6.07,27037,24984,18648
Cartago.ElGuarco.SanIsidro,30802,134.73,11632,9828,9165
Cartago.ElGuarco.Tobosi,30803,19.9,7834,6569,5418
Cartago.ElGuarco.PatiodeAgua,30804,11.05,456,412,557
Heredia.Heredia.Heredia,40101,2.95,18988,18697,20191
Heredia.Heredia.Mercedes,40102,4.15,30276,25744,19717
Heredia.Heredia.SanFrancisco,40103,6.43,60166,49209,40840
Heredia.Heredia.Ulloa,40104,11.47,35618,29266,22456
Heredia.Heredia.Varablanca,40105,258.05,972,700,690
Heredia.Barva.Barva,40201,0.82,5099,4997,4890
Heredia.Barva.SanPedro,40202,7.16,12026,9932,8560
Heredia.Barva.SanPablo,40203,6.94,10105,8319,6656
Heredia.Barva.SanRoque,40204,1.29,5507,4622,3071
Heredia.Barva.SantaLucía,40205,2.87,8524,7413,5462
Heredia.Barva.SanJosédelaMontaña,40206,36.82,6929,5377,3801
Heredia.SantoDomingo.SantoDomingo,40301,0.79,5050,4730,5181
Heredia.SantoDomingo.SanVicente,40302,2.91,8072,6427,5167
Heredia.SantoDomingo.SanMiguel,40303,5.9,7988,6363,5694
Heredia.SantoDomingo.Paracito,40304,1.12,2832,2231,1604
Heredia.SantoDomingo.SantoTomás,40305,3.51,7953,6267,5222
Heredia.SantoDomingo.SantaRosa,40306,4.25,9264,7269,6396
Heredia.SantoDomingo.Tures,40307,3.9,4477,3452,2720
Heredia.SantoDomingo.Pará,40308,2.88,4199,3333,2764
Heredia.SantaBárbara.SantaBárbara,40401,1.27,6394,5944,5452
Heredia.SantaBárbara.SanPedro,40402,2.48,7016,5582,3652
Heredia.SantaBárbara.SanJuan,40403,4.45,9308,7662,6245
Heredia.SantaBárbara.Jesús,40404,11.18,11842,9603,7585
Heredia.SantaBárbara.SantoDomingo,40405,26.43,3699,2879,2647
Heredia.SantaBárbara.Purabá,40406,6.09,5619,4573,3600
Heredia.SanRafael.SanRafael,40501,1.3,10787,9668,8651
Heredia.SanRafael.SanJosecito,40502,1.35,14331,11579,10826
Heredia.SanRafael.Santiago,40503,1.64,10534,8409,6878
Heredia.SanRafael.Ángeles,40504,21.23,13017,10232,6780
Heredia.SanRafael.Concepción,40505,22.67,7891,6077,4158
Heredia.SanIsidro.SanIsidro,40601,2.66,6413,6113,4990
Heredia.SanIsidro.SanJosé,40602,11.37,8895,7447,5102
Heredia.SanIsidro.Concepción,40603,8.03,3115,2635,2081
Heredia.SanIsidro.SanFrancisco,40604,4.6,5232,4438,3883
Heredia.Belén.SanAntonio,40701,3.54,11625,9942,10256
Heredia.Belén.LaRibera,40702,4.28,7753,6040,5687
Heredia.Belén.LaAsunción,40703,4.62,7475,5651,3891
Heredia.Flores.SanJoaquín,40801,2.58,8341,7173,6346
Heredia.Flores.Barrantes,40802,2.3,5340,4091,2810
Heredia.Flores.Llorente,40803,1.89,11720,8773,5882
Heredia.SanPablo.SanPablo,40901,5.88,21485,19412,20813
Heredia.SanPablo.RincóndeSabanilla,40902,2.36,10034,8259,
Heredia.Sarapiquí.PuertoViejo,41001,428.17,31580,20184,16272
Heredia.Sarapiquí.LaVirgen,41002,513.82,16493,10521,7648
Heredia.Sarapiquí.LasHorquetas,41003,565.41,35957,24331,20094
Heredia.Sarapiquí.LlanurasdelGaspar,41004,267.74,2059,1160,662
Heredia.Sarapiquí.Cureña,41005,369.02,1598,951,759
Guanacaste.Liberia.Liberia,50101,563.57,67132,53382,39242
Guanacaste.Liberia.CañasDulces,50102,243.39,4075,3230,2634
Guanacaste.Liberia.Mayorga,50103,227.39,2032,1599,1288
Guanacaste.Liberia.Nacascolo,50104,327.05,3129,2249,1727
Guanacaste.Liberia.Curubandé,50105,81.14,3242,2527,1812
Guanacaste.Nicoya.Nicoya,50201,310.61,27131,24833,20945
Guanacaste.Nicoya.Mansión,50202,212.47,5772,5717,4663
Guanacaste.Nicoya.SanAntonio,50203,334.01,7148,6642,6662
Guanacaste.Nicoya.QuebradaHonda,50204,106.03,2591,2523,2323
Guanacaste.Nicoya.Sámara,50205,109.19,4685,3512,2603
Guanacaste.Nicoya.Nosara,50206,134.57,7213,4912,2875
Guanacaste.Nicoya.BeléndeNosarita,50207,123,3084,2686,2118
Guanacaste.SantaCruz.SantaCruz,50301,289.6,28008,21544,17486
Guanacaste.SantaCruz.Bolsón,50302,32.47,2182,1627,1605
Guanacaste.SantaCruz.VeintisietedeAbril,50303,301.59,9302,7048,4928
Guanacaste.SantaCruz.Tempate,50304,129.95,6467,5630,3395
Guanacaste.SantaCruz.Cartagena,50305,82.56,5147,3824,2986
Guanacaste.SantaCruz.Cuajiniquil,50306,218.65,2678,1789,1547
Guanacaste.SantaCruz.Diriá,50307,66.26,4983,3905,3217
Guanacaste.SantaCruz.CaboVelas,50308,73.5,4381,3362,2132
Guanacaste.SantaCruz.Tamarindo,50309,125.86,8136,6375,3525
Guanacaste.Bagaces.Bagaces,50401,883.98,16462,12367,9261
Guanacaste.Bagaces.LaFortuna,50402,163.37,3112,2756,2828
Guanacaste.Bagaces.Mogote,50403,181.79,4079,3398,2886
Guanacaste.Bagaces.RíoNaranjo,50404,43.83,1194,1015,997
Guanacaste.Carrillo.Filadelfia,50501,125.14,8967,7953,7143
Guanacaste.Carrillo.Palmira,50502,31.42,6910,5416,3974
Guanacaste.Carrillo.Sardinal,50503,261.43,20094,14912,10118
Guanacaste.Carrillo.Belén,50504,181.55,11785,8841,6071
Guanacaste.Cañas.Cañas,50601,193.83,26577,20816,18798
Guanacaste.Cañas.Palmira,50602,203.96,1361,988,916
Guanacaste.Cañas.SanMiguel,50603,120.86,2076,1644,1520
Guanacaste.Cañas.Bebedero,50604,58.26,2582,2084,2123
Guanacaste.Cañas.Porozal,50605,105.23,797,669,719
Guanacaste.Abangares.LasJuntas,50701,229.16,10437,9482,8612
Guanacaste.Abangares.Sierra,50702,112.01,2827,2351,2248
Guanacaste.Abangares.SanJuan,50703,107.46,1857,1585,1340
Guanacaste.Abangares.Colorado,50704,201.04,5161,4621,4076
Guanacaste.Tilarán.Tilarán,50801,139.43,9449,8677,7706
Guanacaste.Tilarán.QuebradaGrande,50802,33.72,3104,2700,2508
Guanacaste.Tilarán.Tronadora,50803,142.28,2029,1795,1745
Guanacaste.Tilarán.SantaRosa,50804,71.8,2188,1945,1690
Guanacaste.Tilarán.Líbano,50805,72.07,958,865,860
Guanacaste.Tilarán.TierrasMorenas,50806,83.46,1545,1358,1187
Guanacaste.Tilarán.Arenal,50807,73.72,2711,2300,2175
Guanacaste.Tilarán.Cabeceras,50808,51.25,,,
Guanacaste.Nandayure.Carmona,50901,31.83,2663,2486,2012
Guanacaste.Nandayure.SantaRita,50902,51.32,1480,1446,1489
Guanacaste.Nandayure.Zapotal,50903,105.18,1263,1215,1267
Guanacaste.Nandayure.SanPablo,50904,78.13,2362,2207,1734
Guanacaste.Nandayure.Porvenir,50905,40.17,759,741,994
Guanacaste.Nandayure.Bejuco,50906,262.17,3311,3026,2489
Guanacaste.LaCruz.LaCruz,51001,345.5,13204,9195,7880
Guanacaste.LaCruz.SantaCecilia,51002,258.16,9191,6258,5238
Guanacaste.LaCruz.LaGarita,51003,273.37,2665,1688,1581
Guanacaste.LaCruz.SantaElena,51004,513.35,3011,2040,1806
Guanacaste.Hojancha.Hojancha,51101,79.05,4707,4245,3751
Guanacaste.Hojancha.MonteRomo,51102,74.97,724,671,799
Guanacaste.Hojancha.PuertoCarrillo,51103,76.75,1893,1574,1287
Guanacaste.Hojancha.Huacas,51104,31.49,761,707,697
Guanacaste.Hojancha.Matambú,51105,,,,
Puntarenas.Puntarenas.Puntarenas,60101,34.6,10342,8335,9559
Puntarenas.Puntarenas.Pitahaya,60102,109.66,2755,2211,1822
Puntarenas.Puntarenas.Chomes,60103,120.3,6645,5522,4166
Puntarenas.Puntarenas.Lepanto,60104,424.74,10444,9502,8928
Puntarenas.Puntarenas.Paquera,60105,337.7,8410,6686,5666
Puntarenas.Puntarenas.Manzanillo,60106,60.31,3459,2811,3192
Puntarenas.Puntarenas.Guacimal,60107,114.49,1173,923,990
Puntarenas.Puntarenas.Barranca,60108,36.07,39426,30650,33493
Puntarenas.Puntarenas.MonteVerde,60109,53.05,4943,4155,3285
Puntarenas.Puntarenas.IsladelCoco,60110,23.52,,,
Puntarenas.Puntarenas.Cóbano,60111,317.06,9736,7494,4576
Puntarenas.Puntarenas.Chacarita,60112,4.92,21244,17434,23163
Puntarenas.Puntarenas.Chira,60113,41.71,1714,1576,1534
Puntarenas.Puntarenas.Acapulco,60114,111.2,1560,1296,2130
Puntarenas.Puntarenas.ElRoble,60115,7.94,21240,15759,
Puntarenas.Puntarenas.Arancibia,60116,45.04,784,665,
Puntarenas.Esparza.EspírituSanto,60201,18.95,22181,15686,15842
Puntarenas.Esparza.SanJuanGrande,60202,18.7,8915,6171,3437
Puntarenas.Esparza.Macacona,60203,33.51,5482,4742,2776
Puntarenas.Esparza.SanRafael,60204,34.35,1725,1294,1135
Puntarenas.Esparza.SanJerónimo,60205,49.95,941,751,773
Puntarenas.Esparza.Caldera,60206,62.01,,,
Puntarenas.BuenosAires.BuenosAires,60301,555.37,29454,21063,16843
Puntarenas.BuenosAires.Volcán,60302,187.56,3690,3815,6471
Puntarenas.BuenosAires.PotreroGrande,60303,626.4,6494,5956,5162
Puntarenas.BuenosAires.Boruca,60304,125.02,3289,3074,2870
Puntarenas.BuenosAires.Pilas,60305,114.81,1749,1659,1575
Puntarenas.BuenosAires.Colinas,60306,129.07,1391,1371,1435
Puntarenas.BuenosAires.Chánguena,60307,273.2,2929,2631,2715
Puntarenas.BuenosAires.Biolley,60308,208.71,2589,2455,3068
Puntarenas.BuenosAires.Brunka,60309,162.96,3197,3220,
Puntarenas.MontesdeOro.Miramar,60401,110.64,9027,8298,6842
Puntarenas.MontesdeOro.LaUnión,60402,78.33,1513,1249,1464
Puntarenas.MontesdeOro.SanIsidro,60403,57.87,4047,3403,2853
Puntarenas.Osa.PuertoCortés,60501,230.98,8844,7969,6295
Puntarenas.Osa.Palmar,60502,250.72,9716,9815,9906
Puntarenas.Osa.Sierpe,60503,631.15,3645,4205,4124
Puntarenas.Osa.BahíaBallena,60504,160.39,3487,3306,1990
Puntarenas.Osa.PiedrasBlancas,60505,263.27,4529,4138,3546
Puntarenas.Osa.BahíaDrake,60506,393.39,1162,,
Puntarenas.Quepos.Quepos,60601,235.81,25665,19858,14925
Puntarenas.Quepos.Savegre,60602,216.07,4116,3326,2787
Puntarenas.Quepos.Naranjito,60603,104.68,4239,3677,2476
Puntarenas.Golfito.Golfito,60701,357.32,11867,11284,10915
Puntarenas.Golfito.PuertoJiménez,60702,722.56,12836,8789,6102
Puntarenas.Golfito.Guaycará,60703,323.11,14120,12918,11456
Puntarenas.Golfito.Pavón,60704,353.26,7700,6159,5350
Puntarenas.CotoBrus.SanVito,60801,74.88,16629,14834,15531
Puntarenas.CotoBrus.Sabalito,60802,186.82,13202,10984,11084
Puntarenas.CotoBrus.Aguabuena,60803,63.75,7050,6286,6962
Puntarenas.CotoBrus.Limoncito,60804,124.04,4152,3591,3448
Puntarenas.CotoBrus.Pittier,60805,255.23,3247,2758,3057
Puntarenas.CotoBrus.GutiérrezBraun,60806,238.38,,,
Puntarenas.Parrita.Parrita,60901,480.44,20984,16115,12112
Puntarenas.Corredores.Corredor,61001,276.37,20050,17250,16718
Puntarenas.Corredores.LaCuesta,61002,37.06,5333,3906,3623
Puntarenas.Corredores.Canoas,61003,122.54,15929,11527,8464
Puntarenas.Corredores.Laurel,61004,188.38,12172,9148,8469
Puntarenas.Garabito.Jacó,61101,141.11,18613,11685,6371
Puntarenas.Garabito.Tárcoles,61102,172.87,8791,5544,4007
Limón.Limón.Limón,70101,59.51,60710,61072,60298
Limón.Limón.ValleLaEstrella,70102,1238.66,20818,17908,16907
Limón.Limón.RíoBlanco,70103,131.29,10257,8307,6318
Limón.Limón.Matama,70104,339.13,8451,7128,6410
Limón.Pococí.Guápiles,70201,222.63,39611,36469,27368
Limón.Pococí.Jiménez,70202,109.44,13052,10501,6644
Limón.Pococí.Rita,70203,502.39,29241,24041,21841
Limón.Pococí.Roxana,70204,175.67,20342,16790,15706
Limón.Pococí.Cariari,70205,200.96,40278,34176,28080
Limón.Pococí.Colorado,70206,1158.91,5040,3985,3482
Limón.Pococí.LaColonia,70207,39.1,7110,,
Limón.Siquirres.Siquirres,70301,373.27,34576,31637,31358
Limón.Siquirres.Pacuarito,70302,219.43,10804,8756,8707
Limón.Siquirres.Florida,70303,82.76,2656,2184,1964
Limón.Siquirres.Germania,70304,33.98,3062,2471,2425
Limón.Siquirres.ElCairo,70305,107.2,7628,6082,4355
Limón.Siquirres.Alegría,70306,37.73,6947,5656,3600
Limón.Siquirres.Reventazón,70307,,,,
Limón.Talamanca.Bratsi,70401,180.44,10590,7318,10292
Limón.Talamanca.Sixaola,70402,169.32,11847,8861,10234
Limón.Talamanca.Cahuita,70403,234.6,13656,8293,5331
Limón.Talamanca.Telire,70404,2229.73,8709,6240,
Limón.Matina.Matina,70501,351.75,10437,9142,8729
Limón.Matina.Batán,70502,213.69,20814,16532,14546
Limón.Matina.Carrandi,70503,205.99,16140,12047,9821
Limón.Guácimo.Guácimo,70601,223.27,26152,18326,13950
Limón.Guácimo.Mercedes,70602,90.43,2357,1707,1673
Limón.Guácimo.Pocora,70603,72.7,8494,6432,5750
Limón.Guácimo.RíoJiménez,70604,113.59,11836,8742,7906
Limón.Guácimo.Duacarí,70605,81.36,8182,6059,5600